,Itr,ReturnAvg,ReturnStd,ReturnMin,ReturnMax
0,-1,-159.93441451643255,31.964233009374635,-198.49426623600738,-88.62881638819155
